<?xml version="1.0" encoding="utf-8"?>
<Keyboard xmlns:android="http://schemas.android.com/apk/res/android" android:keyWidth="7.0%p" >
 <Row>
  <Key android:keyLabel="~" />
  <Key android:keyLabel="!\n1" />
  <Key android:keyLabel="№\n2" />
  <Key android:keyLabel="#\n3" />
  <Key android:keyLabel="$\n4" />
  <Key android:keyLabel="%\n5" />
  <Key android:keyLabel="^\n6" />
  <Key android:keyLabel="&amp;\n7" />
  <Key android:keyLabel="*\n8" />
  <Key android:keyLabel="(\n9" />
  <Key android:keyLabel=")\n0" />
  <Key android:keyLabel="_\n-" />
  <Key android:keyLabel="+\n=" />
  <Key android:codes="-5" android:keyIcon="@drawable/sym_keyboard_delete" android:keyWidth="9.0%p" android:isRepeatable="true" />
 </Row>
 <Row>
  <Key android:keyLabel="tab\n@" android:keyWidth="9.0%p" android:specKey="true" />
  <Key android:keyLabel="q" />
  <Key android:keyLabel="w" />
  <Key android:keyLabel="e" />
  <Key android:keyLabel="r" />
  <Key android:keyLabel="t" />
  <Key android:keyLabel="y" />
  <Key android:keyLabel="u" />
  <Key android:keyLabel="—\ni" />
  <Key android:keyLabel="‘\no" />
  <Key android:keyLabel="’\np" />
  <Key android:keyLabel="{\n[" />
  <Key android:keyLabel="}\n]" />
  <Key android:keyLabel="\\\n/" />
 </Row>
 <Row>
  <Key android:codes="-321" android:keyLabel="paste" android:smallLabel="true" android:keyWidth="11.0%p" android:specKey="true" />
  <Key android:keyLabel="a" />
  <Key android:keyLabel="s" />
  <Key android:keyLabel="d" />
  <Key android:keyLabel="f" />
  <Key android:keyLabel="g" />
  <Key android:keyLabel="h" />
  <Key android:keyLabel="j" />
  <Key android:keyLabel="k" />
  <Key android:keyLabel="l" />
  <Key android:keyLabel="\'" />
  <Key android:keyLabel="&quot;" />
  <Key android:codes="10" android:keyIcon="@drawable/sym_keyboard_return" android:keyWidth="12.0%p" />
 </Row>
 <Row>
  <Key android:codes="-1" android:keyIcon="@drawable/sym_keyboard_shift" android:isSticky="true" android:keyWidth="14.0%p" />
  <Key android:keyLabel="z" />
  <Key android:keyLabel="x" />
  <Key android:keyLabel="c" />
  <Key android:keyLabel="v" />
  <Key android:keyLabel="b" />
  <Key android:keyLabel="n" />
  <Key android:keyLabel="m" />
  <Key android:keyLabel="&lt;" />
  <Key android:keyLabel="&gt;" />
  <Key android:keyLabel="|\n?" />
  <Key android:keyLabel="↑" android:codes="19" android:isRepeatable="true" android:specKey="true" android:keyWidth="9.0%p" />
  <Key android:keyLabel="sel" android:isSticky="true" android:codes="-310" android:specKey="true" android:smallLabel="true" />
 </Row>
 <Row>
  <Key android:codes="-2" android:keyLabel="opt\n123" android:keyWidth="9.3%p" />
  <Key android:codes="-20" android:keyWidth="9.3%p" android:keyLabel="KBD\nEn" android:longCode="-508" />
  <Key android:keyLabel=":\n," />
  <Key android:codes="32" android:keyIcon="@drawable/sym_keyboard_space" android:keyWidth="34.8%p" android:isRepeatable="true" />
  <Key android:keyLabel=";\n." />
  <Key android:keyLabel=".ru\n.com" android:keyWidth="9.3%p" />
  <Key android:keyLabel="←" android:codes="21" android:isRepeatable="true" android:specKey="true" />
  <Key android:keyLabel="↓" android:codes="20" android:isRepeatable="true" android:specKey="true" android:keyWidth="9.0%p" />
  <Key android:keyLabel="→" android:codes="22" android:isRepeatable="true" android:specKey="true" />
 </Row>
</Keyboard>
