<?xml version="1.0" encoding="utf-8"?>
<Keyboard  xmlns:android="http://schemas.android.com/apk/res/android" android:keyWidth="10.0%p" >
  <Row>
    <Key android:keyLabel="`\n1" />
    <Key android:keyLabel="2" />
    <Key android:keyLabel="3" />
    <Key android:keyLabel="4" />
    <Key android:keyLabel="5" />
    <Key android:keyLabel="6" />
    <Key android:keyLabel="7" />
    <Key android:keyLabel="8" />
    <Key android:keyLabel="9" />
    <Key android:keyLabel="0" />
  </Row>
  <Row>
  <Key android:keyLabel="q" />
  <Key android:keyLabel="w" />
  <Key android:keyLabel="e" />
  <Key android:keyLabel="r" />
  <Key android:keyLabel="t" />
  <Key android:keyLabel="y" />
  <Key android:keyLabel="u" />
  <Key android:keyLabel="—\ni" />
  <Key android:keyLabel="‘\no" />
  <Key android:keyLabel="’\np" />
 </Row>
 <Row>
  <Key android:keyLabel="@\na" android:horizontalGap="5.0%p" />
  <Key android:keyLabel="#\ns" />
  <Key android:keyLabel="$\nd" />
  <Key android:keyLabel="&amp;\nf" />
  <Key android:keyLabel="*\ng" />
  <Key android:keyLabel="+\nh" />
  <Key android:keyLabel="-\nj" />
  <Key android:keyLabel="_\nk" />
  <Key android:keyLabel="/\nl" />
 </Row>
 <Row>
  <Key android:codes="-1" android:keyIcon="@drawable/sym_keyboard_shift" android:keyWidth="15.0%p" android:isSticky="true" />
  <Key android:keyLabel="&quot;\nz" />
  <Key android:keyLabel="\'\nx" />
  <Key android:keyLabel="(\nc" />
  <Key android:keyLabel=")\nv" />
  <Key android:keyLabel=":\nb" />
  <Key android:keyLabel=";\nn" />
  <Key android:keyLabel="\\\nm" />
  <Key android:codes="-5" android:keyIcon="@drawable/sym_keyboard_delete" android:keyWidth="15.0%p" android:isRepeatable="true" />
 </Row>
 <Row>
  <Key android:codes="-2" android:keyLabel="opt\n123" android:keyWidth="12.0%p" />
  <Key android:codes="-20" android:keyWidth="12.0%p" android:keyLabel="KBD\nEn" android:longCode="-508" />
  <Key android:keyLabel="?\n," />
  <Key android:codes="32" android:keyIcon="@drawable/sym_keyboard_space" android:keyWidth="32.0%p" android:isRepeatable="true" />
  <Key android:keyLabel="!\n." />
  <Key android:keyLabel=".ru\n.com" android:keyWidth="12.0%p" />
  <Key android:codes="10" android:keyIcon="@drawable/sym_keyboard_return" android:keyWidth="12.0%p" />
 </Row>
</Keyboard>
