<?xml version="1.0" encoding="utf-8"?>
<Keyboard xmlns:android="http://schemas.android.com/apk/res/android" >
 <Row>
  <Key android:keyLabel="1" />
  <Key android:keyLabel="2" />
  <Key android:keyLabel="3" />
  <Key android:keyLabel="4" />
  <Key android:keyLabel="5" />
  <Key android:keyLabel="6" />
  <Key android:keyLabel="7" />
  <Key android:keyLabel="8" />
  <Key android:keyLabel="9" />
  <Key android:keyLabel="0" />
 </Row>
 <Row>
  <Key android:keyLabel="й" />
  <Key android:keyLabel="ц" />
  <Key android:keyLabel="у" />
  <Key android:keyLabel="к" />
  <Key android:keyLabel="е" />
  <Key android:keyLabel="н" />
  <Key android:keyLabel="г" />
  <Key android:keyLabel="—\nш" />
  <Key android:keyLabel="‘\nщ" />
  <Key android:keyLabel="’\nз" />
 </Row>
 <Row>
  <Key android:keyLabel="@\nф" />
  <Key android:keyLabel="#\nы" />
  <Key android:keyLabel="$\nв" />
  <Key android:keyLabel="&amp;\nа" />
  <Key android:keyLabel="*\nп" />
  <Key android:keyLabel="~\nр" />
  <Key android:keyLabel="(\nо" />
  <Key android:keyLabel=")\nл" />
  <Key android:keyLabel="{\nд" />
  <Key android:keyLabel="}\nж" />
 </Row>
 <Row>
  <Key android:keyLabel="tab\nя" android:horizontalGap="5.0%p" />
  <Key android:keyLabel="№\nч" />
  <Key android:keyLabel="&quot;\nс" />
  <Key android:keyLabel="\'\nм" />
  <Key android:keyLabel=":\nи" />
  <Key android:keyLabel=";\nт" />
  <Key android:keyLabel="/\nь" />
  <Key android:keyLabel="\\\nб" />
  <Key android:keyLabel="|\nю" />
 </Row>
 <Row>
  <Key android:codes="-1" android:keyIcon="@drawable/sym_keyboard_shift" android:isSticky="true" android:keyWidth="13.0%p" />
  <Key android:keyLabel="&lt;\nё" android:horizontalGap="2.0%p" />
  <Key android:keyLabel="&gt;\nъ" />
  <Key android:keyLabel="[\nх" />
  <Key android:keyLabel="]\nэ" />
  <Key android:keyLabel="=\n?" />
  <Key android:keyLabel="+\n!" />
  <Key android:keyLabel="_\n-" />
  <Key android:codes="-5" android:keyIcon="@drawable/sym_keyboard_delete" android:keyWidth="13.0%p" android:horizontalGap="2.0%p" android:isRepeatable="true" />
 </Row>
 <Row>
  <Key android:codes="-2" android:keyLabel="opt\n123" android:keyWidth="12.0%p" />
  <Key android:codes="-20" android:keyWidth="12.0%p" android:keyLabel="KBD\nRu" android:longCode="-508" />
  <Key android:keyLabel=":\n," />
  <Key android:codes="32" android:keyIcon="@drawable/sym_keyboard_space" android:keyWidth="32.0%p" android:isRepeatable="true" />
  <Key android:keyLabel=";\n." />
  <Key android:keyLabel=".рф" android:keyWidth="12.0%p" />
  <Key android:codes="10" android:keyIcon="@drawable/sym_keyboard_return" android:keyWidth="12.0%p" />
 </Row>
</Keyboard>
