﻿<?xml version="1.0" encoding="utf-8"?>
<Keyboard xmlns:android="http://schemas.android.com/apk/res/android" android:keyWidth="7.0%p" >
 <Row>
  <Key android:keyLabel="~\nё" />
  <Key android:keyLabel="!\n1" />
  <Key android:keyLabel="№\n2" />
  <Key android:keyLabel="#\n3" />
  <Key android:keyLabel="$\n4" />
  <Key android:keyLabel="%\n5" />
  <Key android:keyLabel="^\n6" />
  <Key android:keyLabel="&amp;\n7" />
  <Key android:keyLabel="*\n8" />
  <Key android:keyLabel="(\n9" />
  <Key android:keyLabel=")\n0" />
  <Key android:keyLabel="_\n-" />
  <Key android:keyLabel="+\n=" />
  <Key android:codes="-5" android:keyIcon="@drawable/sym_keyboard_delete" android:keyWidth="9.0%p" android:isRepeatable="true" />
 </Row>
 <Row>
  <Key android:keyLabel="tab\n@" android:keyWidth="9.0%p" android:specKey="true" />
  <Key android:keyLabel="\nй" />
  <Key android:keyLabel="\nц" />
  <Key android:keyLabel="\nу" />
  <Key android:keyLabel="\nк" />
  <Key android:keyLabel="\nе" />
  <Key android:keyLabel="\nн" />
  <Key android:keyLabel="\nг" />
  <Key android:keyLabel="—\nш" />
  <Key android:keyLabel="‘\nщ" />
  <Key android:keyLabel="’\nз" />
  <Key android:keyLabel="[\nх" />
  <Key android:keyLabel="]\nъ" />
  <Key android:keyLabel="\\\n/" />
 </Row>
 <Row>
  <Key android:codes="-321" android:keyLabel="paste" android:smallLabel="true" android:keyWidth="11.0%p" android:specKey="true" />
  <Key android:keyLabel="\nф" />
  <Key android:keyLabel="\nы" />
  <Key android:keyLabel="\nв" />
  <Key android:keyLabel="\nа" />
  <Key android:keyLabel="\nп" />
  <Key android:keyLabel="\nр" />
  <Key android:keyLabel="\nо" />
  <Key android:keyLabel="|\nл" />
  <Key android:keyLabel="{\nд" />
  <Key android:keyLabel="}\nж" />
  <Key android:keyLabel="&quot;\nэ" />
  <Key android:codes="10" android:keyIcon="@drawable/sym_keyboard_return" android:keyWidth="12.0%p" />
 </Row>
 <Row>
  <Key android:codes="-1" android:keyIcon="@drawable/sym_keyboard_shift" android:isSticky="true" android:keyWidth="14.0%p" />
  <Key android:keyLabel="\nя" />
  <Key android:keyLabel="\nч" />
  <Key android:keyLabel="\nс" />
  <Key android:keyLabel="\nм" />
  <Key android:keyLabel="\nи" />
  <Key android:keyLabel="\nт" />
  <Key android:keyLabel="\nь" />
  <Key android:keyLabel="&lt;\nб" />
  <Key android:keyLabel="&gt;\nю" />
  <Key android:keyLabel="\'\n?" />
  <Key android:keyLabel="↑" android:codes="19" android:isRepeatable="true" android:specKey="true" android:keyWidth="9.0%p" />
  <Key android:keyLabel="sel" android:isSticky="true" android:codes="-310" android:specKey="true" android:smallLabel="true" />
 </Row>
 <Row>
  <Key android:codes="-2" android:keyLabel="opt\n123" android:keyWidth="9.3%p" />
  <Key android:codes="-20" android:keyWidth="9.3%p" android:keyLabel="KBD\nRu" android:longCode="-508" />
  <Key android:keyLabel=":\n," />
  <Key android:codes="32" android:keyIcon="@drawable/sym_keyboard_space" android:keyWidth="34.8%p" android:isRepeatable="true" />
  <Key android:keyLabel=";\n." />
  <Key android:keyLabel=".рф" android:keyWidth="9.3%p" />
  <Key android:keyLabel="←" android:codes="21" android:isRepeatable="true" android:specKey="true" />
  <Key android:keyLabel="↓" android:codes="20" android:isRepeatable="true" android:specKey="true" android:keyWidth="9.0%p" />
  <Key android:keyLabel="→" android:codes="22" android:isRepeatable="true" android:specKey="true" />
 </Row>
</Keyboard>
